[
    {
        "giveawayid": "246",
        "creatorid": "76561197962097802",
        "creatorname": "wffl",
        "rankid": "5",
        "xp": "20",
        "created": "1407416336",
        "url": "http://www.steamgifts.com/giveaway/jfuav/mini-ninjas",
        "gamename": "Mini Ninjas",
        "gametype": "bundle",
        "closed": null,
        "winnerid": null,
        "winnername": null,
        "cancelled": null,
        "noentry": null
    },
    {
        "giveawayid": "245",
        "creatorid": "76561198031159289",
        "creatorname": "Silence Will Fall",
        "rankid": "5",
        "xp": "10",
        "created": "1407380458",
        "url": "http://www.steamgifts.com/giveaway/J9JTO/the-longest-journey",
        "gamename": "The Longest Journey",
        "gametype": "bundle",
        "closed": "2014-08-07 05:51:45",
        "winnerid": "76561198018522550",
        "winnername": "artki",
        "cancelled": null,
        "noentry": null
    },
    {
        "giveawayid": "244",
        "creatorid": "76561198031159289",
        "creatorname": "Silence Will Fall",
        "rankid": "5",
        "xp": "10",
        "created": "1407380435",
        "url": "http://www.steamgifts.com/giveaway/j3yeE/huntsman-the-orphanage-halloween-edition",
        "gamename": "Huntsman: The Orphanage Halloween Edition",
        "gametype": "bundle",
        "closed": null,
        "winnerid": null,
        "winnername": null,
        "cancelled": null,
        "noentry": null
    },
    {
        "giveawayid": "243",
        "creatorid": "76561198056290009",
        "creatorname": "Thordred",
        "rankid": "5",
        "xp": "50",
        "created": "1407377617",
        "url": "http://www.steamgifts.com/giveaway/HdG5G/darwinia-soundtrack-dlc",
        "gamename": "Darwinia + Soundtrack DLC",
        "gametype": "bundle",
        "closed": null,
        "winnerid": null,
        "winnername": null,
        "cancelled": null,
        "noentry": null
    },
    {
        "giveawayid": "242",
        "creatorid": "76561198056290009",
        "creatorname": "Thordred",
        "rankid": "5",
        "xp": "50",
        "created": "1407377596",
        "url": "http://www.steamgifts.com/giveaway/H958o/multiwinia",
        "gamename": "Multiwinia",
        "gametype": "bundle",
        "closed": null,
        "winnerid": null,
        "winnername": null,
        "cancelled": null,
        "noentry": null
    },
    {
        "giveawayid": "241",
        "creatorid": "76561198056290009",
        "creatorname": "Thordred",
        "rankid": "5",
        "xp": "50",
        "created": "1407377568",
        "url": "http://www.steamgifts.com/giveaway/EvxfP/talisman-prologue",
        "gamename": "Talisman: Prologue",
        "gametype": "bundle",
        "closed": null,
        "winnerid": null,
        "winnername": null,
        "cancelled": null,
        "noentry": null
    },
    {
        "giveawayid": "240",
        "creatorid": "76561198056290009",
        "creatorname": "Thordred",
        "rankid": "5",
        "xp": "50",
        "created": "1407377545",
        "url": "http://www.steamgifts.com/giveaway/HBhNt/8-bit-commando",
        "gamename": "8-Bit Commando",
        "gametype": "bundle",
        "closed": null,
        "winnerid": null,
        "winnername": null,
        "cancelled": null,
        "noentry": null
    },
    {
        "giveawayid": "239",
        "creatorid": "76561198056290009",
        "creatorname": "Thordred",
        "rankid": "5",
        "xp": "50",
        "created": "1407377189",
        "url": "http://www.steamgifts.com/giveaway/lqAip/aquanox",
        "gamename": "AquaNox",
        "gametype": "bundle",
        "closed": "2014-08-07 04:09:54",
        "winnerid": "76561197992150587",
        "winnername": "HannesH",
        "cancelled": null,
        "noentry": null
    },
    {
        "giveawayid": "238",
        "creatorid": "76561198056290009",
        "creatorname": "Thordred",
        "rankid": "5",
        "xp": "50",
        "created": "1407377164",
        "url": "http://www.steamgifts.com/giveaway/S6CEk/a-new-beginning-final-cut",
        "gamename": "A New Beginning - Final Cut",
        "gametype": "bundle",
        "closed": "2014-08-07 04:09:24",
        "winnerid": "76561197972636851",
        "winnername": "Woz",
        "cancelled": null,
        "noentry": null
    },
    {
        "giveawayid": "237",
        "creatorid": "76561198056290009",
        "creatorname": "Thordred",
        "rankid": "5",
        "xp": "50",
        "created": "1407377137",
        "url": "http://www.steamgifts.com/giveaway/ZAK3r/multiwinia",
        "gamename": "Multiwinia",
        "gametype": "bundle",
        "closed": "2014-08-07 04:09:06",
        "winnerid": "76561198109017395",
        "winnername": "MattTheDerp",
        "cancelled": null,
        "noentry": null
    },
    {
        "giveawayid": "236",
        "creatorid": "76561198056290009",
        "creatorname": "Thordred",
        "rankid": "5",
        "xp": "50",
        "created": "1407377091",
        "url": "http://www.steamgifts.com/giveaway/UQJng/galactic-civilizations-i-ultimate-edition",
        "gamename": "Galactic Civilizations I: Ultimate Edition",
        "gametype": "bundle",
        "closed": "2014-08-07 04:08:30",
        "winnerid": "76561198023932950",
        "winnername": "ＤｅｍｏｎａｓＧｏｄｚ",
        "cancelled": null,
        "noentry": null
    },
    {
        "giveawayid": "235",
        "creatorid": "76561198056290009",
        "creatorname": "Thordred",
        "rankid": "5",
        "xp": "50",
        "created": "1407377062",
        "url": "http://www.steamgifts.com/giveaway/JvDlQ/darwinia-soundtrack-dlc",
        "gamename": "Darwinia + Soundtrack DLC",
        "gametype": "bundle",
        "closed": "2014-08-07 04:07:42",
        "winnerid": "76561198025823574",
        "winnername": "adam1224",
        "cancelled": null,
        "noentry": null
    },
    {
        "giveawayid": "234",
        "creatorid": "76561198018522550",
        "creatorname": "artki",
        "rankid": "5",
        "xp": "3",
        "created": "1407356943",
        "url": "http://www.steamgifts.com/giveaway/tidGF/a-game-of-dwarves",
        "gamename": "A Game of Dwarves",
        "gametype": "bundle",
        "closed": null,
        "winnerid": null,
        "winnername": null,
        "cancelled": null,
        "noentry": null
    },
    {
        "giveawayid": "233",
        "creatorid": "76561198064912937",
        "creatorname": "Cycria",
        "rankid": "5",
        "xp": "0",
        "created": "1407352128",
        "url": "http://www.steamgifts.com/giveaway/acY1f/thief-gold",
        "gamename": "Thief Gold",
        "gametype": "bundle",
        "closed": null,
        "winnerid": null,
        "winnername": null,
        "cancelled": null,
        "noentry": null
    },
    {
        "giveawayid": "232",
        "creatorid": "76561198025087856",
        "creatorname": "Klompenbaas",
        "rankid": "5",
        "xp": "10",
        "created": "1407351668",
        "url": "http://www.steamgifts.com/giveaway/GVRng/storm-frontline-nation",
        "gamename": "Storm: Front line nation",
        "gametype": "bundle",
        "closed": null,
        "winnerid": null,
        "winnername": null,
        "cancelled": null,
        "noentry": null
    },
    {
        "giveawayid": "231",
        "creatorid": "76561197962097802",
        "creatorname": "wffl",
        "rankid": "5",
        "xp": "20",
        "created": "1407349282",
        "url": "http://www.steamgifts.com/giveaway/5oMOM/diamond-dan",
        "gamename": "Diamond Dan",
        "gametype": "bundle",
        "closed": null,
        "winnerid": null,
        "winnername": null,
        "cancelled": null,
        "noentry": null
    },
    {
        "giveawayid": "230",
        "creatorid": "76561198025087856",
        "creatorname": "Klompenbaas",
        "rankid": "5",
        "xp": "10",
        "created": "1407347952",
        "url": "http://www.steamgifts.com/giveaway/ipq1U/thunder-wolves",
        "gamename": "Thunder Wolves",
        "gametype": "bundle",
        "closed": "2014-08-06 21:03:03",
        "winnerid": "76561197987843922",
        "winnername": "wiLLie22",
        "cancelled": null,
        "noentry": null
    },
    {
        "giveawayid": "229",
        "creatorid": "76561198053285228",
        "creatorname": "boskiapollo",
        "rankid": "5",
        "xp": "20",
        "created": "1407343447",
        "url": "http://www.steamgifts.com/giveaway/f9zlT/hitman-2-silent-assassin",
        "gamename": "Hitman 2: Silent Assassin",
        "gametype": "bundle",
        "closed": null,
        "winnerid": null,
        "winnername": null,
        "cancelled": null,
        "noentry": null
    },
    {
        "giveawayid": "228",
        "creatorid": "76561198053285228",
        "creatorname": "boskiapollo",
        "rankid": "5",
        "xp": "20",
        "created": "1407343197",
        "url": "http://www.steamgifts.com/giveaway/ID61m/toki-tori-2",
        "gamename": "Toki Tori 2+",
        "gametype": "bundle",
        "closed": "2014-08-06 18:40:27",
        "winnerid": "76561198056290009",
        "winnername": "Thordred",
        "cancelled": null,
        "noentry": null
    },
    {
        "giveawayid": "227",
        "creatorid": "76561198053285228",
        "creatorname": "boskiapollo",
        "rankid": "5",
        "xp": "20",
        "created": "1407343181",
        "url": "http://www.steamgifts.com/giveaway/6TIJE/the-bureau-xcom-declassified",
        "gamename": "The Bureau: XCOM Declassified",
        "gametype": "bundle",
        "closed": "2014-08-06 18:41:11",
        "winnerid": "76561198032948384",
        "winnername": "Macmoo *.*",
        "cancelled": null,
        "noentry": null
    },
    {
        "giveawayid": "226",
        "creatorid": "76561197987843922",
        "creatorname": "wiLLie22",
        "rankid": "5",
        "xp": "10",
        "created": "1407333260",
        "url": "http://www.steamgifts.com/giveaway/Tq4kt/99-levels-to-hell",
        "gamename": "99 Levels To Hell",
        "gametype": "bundle",
        "closed": "2014-08-06 15:54:39",
        "winnerid": "76561197972636851",
        "winnername": "Woz",
        "cancelled": null,
        "noentry": null
    },
    {
        "giveawayid": "225",
        "creatorid": "76561197987843922",
        "creatorname": "wiLLie22",
        "rankid": "5",
        "xp": "10",
        "created": "1407333131",
        "url": "http://www.steamgifts.com/giveaway/f0nav/sugar-cube-bittersweet-factory",
        "gamename": "Sugar Cube: Bittersweet Factory",
        "gametype": "bundle",
        "closed": null,
        "winnerid": null,
        "winnername": null,
        "cancelled": null,
        "noentry": null
    },
    {
        "giveawayid": "224",
        "creatorid": "76561197979785226",
        "creatorname": "Zorskan",
        "rankid": "5",
        "xp": "30",
        "created": "1407329024",
        "url": "http://www.steamgifts.com/giveaway/b63n0/typerider",
        "gamename": "Type:Rider",
        "gametype": "bundle",
        "closed": "2014-08-06 14:48:07",
        "winnerid": "76561197962097802",
        "winnername": "wffl",
        "cancelled": null,
        "noentry": null
    },
    {
        "giveawayid": "223",
        "creatorid": "76561197979785226",
        "creatorname": "Zorskan",
        "rankid": "5",
        "xp": "30",
        "created": "1407328992",
        "url": "http://www.steamgifts.com/giveaway/6PduY/journey-of-a-roach",
        "gamename": "Journey of a Roach",
        "gametype": "bundle",
        "closed": "2014-08-06 14:47:20",
        "winnerid": "76561197962097802",
        "winnername": "wffl",
        "cancelled": null,
        "noentry": null
    },
    {
        "giveawayid": "222",
        "creatorid": "76561197979785226",
        "creatorname": "Zorskan",
        "rankid": "5",
        "xp": "30",
        "created": "1407328868",
        "url": "http://www.steamgifts.com/giveaway/hXHc5/mortal-kombat-kollection",
        "gamename": "Mortal Kombat Kollection",
        "gametype": "bundle",
        "closed": "2014-08-06 14:41:55",
        "winnerid": "76561198083306080",
        "winnername": "Ivan_Dred",
        "cancelled": null,
        "noentry": null
    },
    {
        "giveawayid": "221",
        "creatorid": "76561198051369650",
        "creatorname": "MR.nyaa",
        "rankid": "5",
        "xp": "23",
        "created": "1407320922",
        "url": "http://www.steamgifts.com/giveaway/r6Kbr/gearcrack-arena",
        "gamename": "GEARCRACK Arena",
        "gametype": "bundle",
        "closed": null,
        "winnerid": null,
        "winnername": null,
        "cancelled": null,
        "noentry": null
    },
    {
        "giveawayid": "220",
        "creatorid": "76561198078783468",
        "creatorname": "LIVER71",
        "rankid": "5",
        "xp": "10",
        "created": "1407317706",
        "url": "http://www.steamgifts.com/giveaway/5kmbY/expeditions-conquistador",
        "gamename": "Expeditions: Conquistador",
        "gametype": "bundle",
        "closed": null,
        "winnerid": null,
        "winnername": null,
        "cancelled": null,
        "noentry": null
    },
    {
        "giveawayid": "219",
        "creatorid": "76561198083306080",
        "creatorname": "Ivan_Dred",
        "rankid": "5",
        "xp": "10",
        "created": "1407314616",
        "url": "http://www.steamgifts.com/giveaway/w0RZK/etherlords-bundle",
        "gamename": "Etherlords Bundle",
        "gametype": "fullbundle",
        "closed": null,
        "winnerid": null,
        "winnername": null,
        "cancelled": null,
        "noentry": null
    },
    {
        "giveawayid": "218",
        "creatorid": "76561198078783468",
        "creatorname": "LIVER71",
        "rankid": "5",
        "xp": "10",
        "created": "1407314302",
        "url": "http://www.steamgifts.com/giveaway/RdQdB/mechanic-escape",
        "gamename": "Mechanic Escape",
        "gametype": "bundle",
        "closed": "2014-08-06 10:38:56",
        "winnerid": "76561198076397422",
        "winnername": "Fyantastic",
        "cancelled": null,
        "noentry": null
    },
    {
        "giveawayid": "217",
        "creatorid": "76561198067891330",
        "creatorname": "Samurai Vader",
        "rankid": "5",
        "xp": "20",
        "created": "1407312647",
        "url": "http://www.steamgifts.com/giveaway/JM838/starlite-astronaut-academy-g-ball",
        "gamename": "Starlite Astronaut Academy: G-Ball",
        "gametype": "bundle",
        "closed": "2014-08-07 16:26:44",
        "winnerid": "76561197987843922",
        "winnername": "wiLLie22",
        "cancelled": null,
        "noentry": null
    },
    {
        "giveawayid": "216",
        "creatorid": "76561198067891330",
        "creatorname": "Samurai Vader",
        "rankid": "5",
        "xp": "20",
        "created": "1407312627",
        "url": "http://www.steamgifts.com/giveaway/LB26a/beatbuddy-tale-of-the-guardians",
        "gamename": "Beatbuddy: Tale of the Guardians",
        "gametype": "bundle",
        "closed": "2014-08-07 16:26:32",
        "winnerid": "76561198103829008",
        "winnername": "coolkips",
        "cancelled": null,
        "noentry": null
    },
    {
        "giveawayid": "215",
        "creatorid": "76561198109017395",
        "creatorname": "MattTheDerp",
        "rankid": "5",
        "xp": "30",
        "created": "1407271459",
        "url": "http://www.steamgifts.com/giveaway/Fe0CR/ethan-meteor-hunter",
        "gamename": "Ethan: Meteor Hunter",
        "gametype": "bundle",
        "closed": "2014-08-05 22:45:24",
        "winnerid": "76561198098506774",
        "winnername": "GlaZerTV",
        "cancelled": null,
        "noentry": null
    },
    {
        "giveawayid": "214",
        "creatorid": "76561198109017395",
        "creatorname": "MattTheDerp",
        "rankid": "5",
        "xp": "30",
        "created": "1407271396",
        "url": "http://www.steamgifts.com/giveaway/4gpIe/ring-runner-flight-of-the-sages",
        "gamename": "Ring Runner: Flight of the Sages",
        "gametype": "bundle",
        "closed": "2014-08-05 22:43:35",
        "winnerid": "76561197972636851",
        "winnername": "Woz",
        "cancelled": null,
        "noentry": null
    },
    {
        "giveawayid": "213",
        "creatorid": "76561198109017395",
        "creatorname": "MattTheDerp",
        "rankid": "5",
        "xp": "30",
        "created": "1407271352",
        "url": "http://www.steamgifts.com/giveaway/tawEi/velocityultra",
        "gamename": "VelocityUltra",
        "gametype": "bundle",
        "closed": "2014-08-05 22:44:32",
        "winnerid": "76561198098506774",
        "winnername": "GlaZerTV",
        "cancelled": null,
        "noentry": null
    },
    {
        "giveawayid": "212",
        "creatorid": "76561197992150587",
        "creatorname": "HannesH",
        "rankid": "5",
        "xp": "40",
        "created": "1407269896",
        "url": "http://www.steamgifts.com/giveaway/SehqR/deus-ex-the-fall",
        "gamename": "Deus Ex: The Fall",
        "gametype": "bundle",
        "closed": null,
        "winnerid": null,
        "winnername": null,
        "cancelled": null,
        "noentry": null
    },
    {
        "giveawayid": "211",
        "creatorid": "76561197992150587",
        "creatorname": "HannesH",
        "rankid": "5",
        "xp": "40",
        "created": "1407269815",
        "url": "http://www.steamgifts.com/giveaway/Jc1Ws/kane-lynch-2-dog-days",
        "gamename": "Kane & Lynch 2: Dog Days",
        "gametype": "bundle",
        "closed": "2014-08-05 22:17:51",
        "winnerid": "76561198051369650",
        "winnername": "MR.nyaa",
        "cancelled": null,
        "noentry": null
    },
    {
        "giveawayid": "210",
        "creatorid": "76561197992150587",
        "creatorname": "HannesH",
        "rankid": "5",
        "xp": "40",
        "created": "1407269776",
        "url": "http://www.steamgifts.com/giveaway/2SU5A/deus-ex-invisible-war",
        "gamename": "Deus Ex: Invisible War",
        "gametype": "bundle",
        "closed": "2014-08-05 22:17:19",
        "winnerid": "76561197992204855",
        "winnername": "sG|  Cult of Jahtze",
        "cancelled": null,
        "noentry": null
    },
    {
        "giveawayid": "209",
        "creatorid": "76561197992150587",
        "creatorname": "HannesH",
        "rankid": "5",
        "xp": "40",
        "created": "1407269737",
        "url": "http://www.steamgifts.com/giveaway/l7Vns/battlestations-midway",
        "gamename": "Battlestations: Midway",
        "gametype": "bundle",
        "closed": "2014-08-05 22:15:48",
        "winnerid": "76561197962008111",
        "winnername": "KroganAlly",
        "cancelled": null,
        "noentry": null
    },
    {
        "giveawayid": "208",
        "creatorid": "76561197992150587",
        "creatorname": "HannesH",
        "rankid": "5",
        "xp": "40",
        "created": "1407269665",
        "url": "http://www.steamgifts.com/giveaway/rpbuI/mini-ninjas",
        "gamename": "Mini Ninjas",
        "gametype": "bundle",
        "closed": "2014-08-05 22:14:44",
        "winnerid": "76561198051609534",
        "winnername": "Bedda [TT]",
        "cancelled": null,
        "noentry": null
    },
    {
        "giveawayid": "207",
        "creatorid": "76561197972636851",
        "creatorname": "Woz",
        "rankid": "5",
        "xp": "30",
        "created": "1407268146",
        "url": "http://www.steamgifts.com/giveaway/EGgj5/time-gentlemen-please-and-ben-there-dan-that-special-edition-double-pack",
        "gamename": "Time Gentlemen Please! and Ben There Dan That! ",
        "gametype": "bundle",
        "closed": null,
        "winnerid": null,
        "winnername": null,
        "cancelled": null,
        "noentry": null
    },
    {
        "giveawayid": "206",
        "creatorid": "76561197972636851",
        "creatorname": "Woz",
        "rankid": "5",
        "xp": "30",
        "created": "1407267907",
        "url": "http://www.steamgifts.com/giveaway/IjyrY/shadowgrounds-survivor",
        "gamename": "Shadowgrounds Survivor",
        "gametype": "bundle",
        "closed": null,
        "winnerid": null,
        "winnername": null,
        "cancelled": null,
        "noentry": null
    },
    {
        "giveawayid": "205",
        "creatorid": "76561197972636851",
        "creatorname": "Woz",
        "rankid": "5",
        "xp": "30",
        "created": "1407267169",
        "url": "http://www.steamgifts.com/giveaway/gRe36/orcs-must-die",
        "gamename": "Orcs Must Die",
        "gametype": "bundle",
        "closed": null,
        "winnerid": null,
        "winnername": null,
        "cancelled": null,
        "noentry": null
    },
    {
        "giveawayid": "204",
        "creatorid": "76561197972636851",
        "creatorname": "Woz",
        "rankid": "5",
        "xp": "30",
        "created": "1407267137",
        "url": "http://www.steamgifts.com/giveaway/L2RjW/shadowgrounds",
        "gamename": "Shadowgrounds",
        "gametype": "bundle",
        "closed": "2014-08-05 21:34:27",
        "winnerid": "76561198076397422",
        "winnername": "Fyantastic",
        "cancelled": null,
        "noentry": null
    },
    {
        "giveawayid": "203",
        "creatorid": "76561197972636851",
        "creatorname": "Woz",
        "rankid": "5",
        "xp": "30",
        "created": "1407267117",
        "url": "http://www.steamgifts.com/giveaway/ZwLvI/shadowgrounds",
        "gamename": "Shadowgrounds",
        "gametype": "bundle",
        "closed": "2014-08-05 21:34:08",
        "winnerid": "76561198064912937",
        "winnername": "Cycria",
        "cancelled": null,
        "noentry": null
    },
    {
        "giveawayid": "202",
        "creatorid": "76561197972636851",
        "creatorname": "Woz",
        "rankid": "5",
        "xp": "30",
        "created": "1407267092",
        "url": "http://www.steamgifts.com/giveaway/1P5Ti/to-the-moon",
        "gamename": "To The Moon",
        "gametype": "bundle",
        "closed": "2014-08-05 21:33:31",
        "winnerid": "76561198025087856",
        "winnername": "Klompenbaas",
        "cancelled": null,
        "noentry": null
    },
    {
        "giveawayid": "201",
        "creatorid": "76561197981307801",
        "creatorname": "Shizune Hakamichi",
        "rankid": "5",
        "xp": "10",
        "created": "1407265828",
        "url": "http://www.steamgifts.com/giveaway/e20tS/door-kickers",
        "gamename": "Door Kickers",
        "gametype": "nonbundle",
        "closed": null,
        "winnerid": null,
        "winnername": null,
        "cancelled": null,
        "noentry": null
    },
    {
        "giveawayid": "200",
        "creatorid": "76561197981307801",
        "creatorname": "Shizune Hakamichi",
        "rankid": "5",
        "xp": "10",
        "created": "1407265808",
        "url": "http://www.steamgifts.com/giveaway/69b8V/takedown-red-sabre",
        "gamename": "Takedown: Red Sabre",
        "gametype": "bundle",
        "closed": "2014-08-05 21:10:39",
        "winnerid": "76561197970409140",
        "winnername": "AtomicWoodchuck",
        "cancelled": null,
        "noentry": null
    },
    {
        "giveawayid": "199",
        "creatorid": "76561198064912937",
        "creatorname": "Cycria",
        "rankid": "5",
        "xp": "0",
        "created": "1407264940",
        "url": "http://www.steamgifts.com/giveaway/oVSa0/battlestations-midway",
        "gamename": "Battle Stations Midway",
        "gametype": "bundle",
        "closed": null,
        "winnerid": null,
        "winnername": null,
        "cancelled": null,
        "noentry": null
    },
    {
        "giveawayid": "198",
        "creatorid": "76561198018522550",
        "creatorname": "artki",
        "rankid": "5",
        "xp": "3",
        "created": "1407260079",
        "url": "http://www.steamgifts.com/giveaway/Wjb1I/earth-2160",
        "gamename": "Earth 2160",
        "gametype": "bundle",
        "closed": "2014-08-06 22:29:40",
        "winnerid": null,
        "winnername": null,
        "cancelled": null,
        "noentry": "1"
    },
    {
        "giveawayid": "197",
        "creatorid": "76561198018522550",
        "creatorname": "artki",
        "rankid": "5",
        "xp": "3",
        "created": "1407260029",
        "url": "http://www.steamgifts.com/giveaway/Rf08D/jack-orlando-directors-cut",
        "gamename": "Jack Orlando: director's cut",
        "gametype": "bundle",
        "closed": null,
        "winnerid": null,
        "winnername": null,
        "cancelled": null,
        "noentry": null
    },
    {
        "giveawayid": "196",
        "creatorid": "76561198018522550",
        "creatorname": "artki",
        "rankid": "5",
        "xp": "3",
        "created": "1407260000",
        "url": "http://www.steamgifts.com/giveaway/dk4CY/knightshift",
        "gamename": "Knight Shift",
        "gametype": "bundle",
        "closed": null,
        "winnerid": null,
        "winnername": null,
        "cancelled": null,
        "noentry": null
    },
    {
        "giveawayid": "195",
        "creatorid": "76561198018522550",
        "creatorname": "artki",
        "rankid": "5",
        "xp": "3",
        "created": "1407259973",
        "url": "http://www.steamgifts.com/giveaway/n1nYE/x-blades",
        "gamename": "x-blades",
        "gametype": "bundle",
        "closed": null,
        "winnerid": null,
        "winnername": null,
        "cancelled": null,
        "noentry": null
    },
    {
        "giveawayid": "194",
        "creatorid": "76561198018522550",
        "creatorname": "artki",
        "rankid": "5",
        "xp": "3",
        "created": "1407259884",
        "url": "http://www.steamgifts.com/giveaway/zRcYF/two-worlds-ii-castle-defense",
        "gamename": "2 worlds 2 castle defense",
        "gametype": "bundle",
        "closed": null,
        "winnerid": null,
        "winnername": null,
        "cancelled": null,
        "noentry": null
    },
    {
        "giveawayid": "193",
        "creatorid": "76561198025823574",
        "creatorname": "adam1224",
        "rankid": "5",
        "xp": "10",
        "created": "1407256198",
        "url": "http://www.steamgifts.com/giveaway/5oNYP/hoard-complete-pack",
        "gamename": "HOARD Complete Pack",
        "gametype": "bundle",
        "closed": null,
        "winnerid": null,
        "winnername": null,
        "cancelled": null,
        "noentry": null
    },
    {
        "giveawayid": "192",
        "creatorid": "76561197962097802",
        "creatorname": "wffl",
        "rankid": "5",
        "xp": "20",
        "created": "1407256141",
        "url": "http://www.steamgifts.com/giveaway/rTDci/fortix",
        "gamename": "Fortix",
        "gametype": "bundle",
        "closed": null,
        "winnerid": null,
        "winnername": null,
        "cancelled": null,
        "noentry": null
    },
    {
        "giveawayid": "191",
        "creatorid": "76561197962097802",
        "creatorname": "wffl",
        "rankid": "5",
        "xp": "20",
        "created": "1407255735",
        "url": "http://www.steamgifts.com/giveaway/djBEd/windforge",
        "gamename": "Windforge",
        "gametype": "bundle",
        "closed": null,
        "winnerid": null,
        "winnername": null,
        "cancelled": null,
        "noentry": null
    },
    {
        "giveawayid": "190",
        "creatorid": "76561198025823574",
        "creatorname": "adam1224",
        "rankid": "5",
        "xp": "10",
        "created": "1407255728",
        "url": "http://www.steamgifts.com/giveaway/A16fE/paranautical-activity",
        "gamename": "Paranautical Activity",
        "gametype": "bundle",
        "closed": "2014-08-05 18:23:16",
        "winnerid": "76561198080045733",
        "winnername": "~15·) Jano  ツ ☯",
        "cancelled": null,
        "noentry": null
    },
    {
        "giveawayid": "189",
        "creatorid": "76561197962097802",
        "creatorname": "wffl",
        "rankid": "5",
        "xp": "20",
        "created": "1407255715",
        "url": "http://www.steamgifts.com/giveaway/QaGhR/hitman-codename-47",
        "gamename": "Hitman: Codename 47",
        "gametype": "bundle",
        "closed": "2014-08-06 19:29:08",
        "winnerid": "76561198051369650",
        "winnername": "MR.nyaa",
        "cancelled": null,
        "noentry": null
    },
    {
        "giveawayid": "188",
        "creatorid": "76561198025823574",
        "creatorname": "adam1224",
        "rankid": "5",
        "xp": "10",
        "created": "1407255691",
        "url": "http://www.steamgifts.com/giveaway/yWoQY/sid-meiers-civilization-iii-complete",
        "gamename": "Sid Meier's Civilization III Complete",
        "gametype": "bundle",
        "closed": null,
        "winnerid": null,
        "winnername": null,
        "cancelled": null,
        "noentry": null
    },
    {
        "giveawayid": "187",
        "creatorid": "76561197962097802",
        "creatorname": "wffl",
        "rankid": "5",
        "xp": "20",
        "created": "1407255667",
        "url": "http://www.steamgifts.com/giveaway/kCnEy/revenge-of-the-titans",
        "gamename": "Revenge of the Titans",
        "gametype": "bundle",
        "closed": "2014-08-06 19:31:41",
        "winnerid": "76561198023932950",
        "winnername": "ＤｅｍｏｎａｓＧｏｄｚ",
        "cancelled": null,
        "noentry": null
    },
    {
        "giveawayid": "186",
        "creatorid": "76561198051369650",
        "creatorname": "MR.nyaa",
        "rankid": "5",
        "xp": "23",
        "created": "1407254952",
        "url": "http://www.steamgifts.com/giveaway/goA0J/wasteland-angel",
        "gamename": "Wasteland Angel",
        "gametype": "bundle",
        "closed": "2014-08-06 10:32:50",
        "winnerid": null,
        "winnername": null,
        "cancelled": null,
        "noentry": "1"
    },
    {
        "giveawayid": "185",
        "creatorid": "76561198051369650",
        "creatorname": "MR.nyaa",
        "rankid": "5",
        "xp": "23",
        "created": "1407254117",
        "url": "http://www.steamgifts.com/giveaway/JkmRb/wasteland-angel",
        "gamename": "Wasteland Angel",
        "gametype": "bundle",
        "closed": "2014-08-05 17:55:33",
        "winnerid": "76561198023932950",
        "winnername": "ＤｅｍｏｎａｓＧｏｄｚ",
        "cancelled": null,
        "noentry": null
    },
    {
        "giveawayid": "184",
        "creatorid": "76561197962008111",
        "creatorname": "KroganAlly",
        "rankid": "5",
        "xp": "10",
        "created": "1407253933",
        "url": "http://www.steamgifts.com/giveaway/BmlqE/legends-of-aethereus",
        "gamename": "Legends of Aethereus",
        "gametype": "bundle",
        "closed": null,
        "winnerid": null,
        "winnername": null,
        "cancelled": null,
        "noentry": null
    },
    {
        "giveawayid": "183",
        "creatorid": "76561197962008111",
        "creatorname": "KroganAlly",
        "rankid": "5",
        "xp": "10",
        "created": "1407253892",
        "url": "http://www.steamgifts.com/giveaway/ZlOSR/takedown-red-sabre",
        "gamename": "Takedown Red Saber",
        "gametype": "bundle",
        "closed": "2014-08-05 17:53:51",
        "winnerid": "76561198098506774",
        "winnername": "GlaZerTV",
        "cancelled": null,
        "noentry": null
    },
    {
        "giveawayid": "182",
        "creatorid": "76561197962290563",
        "creatorname": "Dyna",
        "rankid": "1",
        "xp": "40",
        "created": "1407253098",
        "url": "http://www.steamgifts.com/giveaway/V7LKh/warhammer-40000-dawn-of-war-gold-edition",
        "gamename": "Warhammer 40000: Dawn of War - Gold Edition",
        "gametype": "nonbundle",
        "closed": null,
        "winnerid": null,
        "winnername": null,
        "cancelled": null,
        "noentry": null
    },
    {
        "giveawayid": "181",
        "creatorid": "76561197995024621",
        "creatorname": "Kurt99",
        "rankid": "5",
        "xp": "20",
        "created": "1407252433",
        "url": "http://www.steamgifts.com/giveaway/kPUMj/hitman-codename-47",
        "gamename": "Hitman: Codename 47",
        "gametype": "bundle",
        "closed": "2014-08-05 17:28:51",
        "winnerid": "76561198018522550",
        "winnername": "artki",
        "cancelled": null,
        "noentry": null
    },
    {
        "giveawayid": "180",
        "creatorid": "76561197995024621",
        "creatorname": "Kurt99",
        "rankid": "5",
        "xp": "20",
        "created": "1407252403",
        "url": "http://www.steamgifts.com/giveaway/BYCWU/mini-ninjas",
        "gamename": "Mini Ninjas",
        "gametype": "bundle",
        "closed": "2014-08-07 17:28:26",
        "winnerid": "76561198103829008",
        "winnername": "coolkips",
        "cancelled": null,
        "noentry": null
    },
    {
        "giveawayid": "179",
        "creatorid": "76561198045737785",
        "creatorname": "DakotaThrice",
        "rankid": "5",
        "xp": "0",
        "created": "1407251791",
        "url": "http://www.steamgifts.com/giveaway/GyThE/ballpoint-universe-infinite",
        "gamename": "Ballpoint Universe - Infinite",
        "gametype": "bundle",
        "closed": null,
        "winnerid": null,
        "winnername": null,
        "cancelled": null,
        "noentry": null
    },
    {
        "giveawayid": "178",
        "creatorid": "76561198045737785",
        "creatorname": "DakotaThrice",
        "rankid": "5",
        "xp": "0",
        "created": "1407251215",
        "url": "http://www.steamgifts.com/giveaway/K6Wne/the-last-remnant",
        "gamename": "The Last Remnant",
        "gametype": "bundle",
        "closed": null,
        "winnerid": null,
        "winnername": null,
        "cancelled": null,
        "noentry": null
    },
    {
        "giveawayid": "177",
        "creatorid": "76561198045737785",
        "creatorname": "DakotaThrice",
        "rankid": "5",
        "xp": "0",
        "created": "1407251189",
        "url": "http://www.steamgifts.com/giveaway/Jnebi/just-cause",
        "gamename": "Just Cause",
        "gametype": "bundle",
        "closed": null,
        "winnerid": null,
        "winnername": null,
        "cancelled": null,
        "noentry": null
    },
    {
        "giveawayid": "176",
        "creatorid": "76561198083306080",
        "creatorname": "Ivan_Dred",
        "rankid": "5",
        "xp": "10",
        "created": "1407251054",
        "url": "http://www.steamgifts.com/giveaway/fouHE/janes-advanced-strike-fighters",
        "gamename": "Jane's Advanced Strike Fighters",
        "gametype": "nonbundle",
        "closed": null,
        "winnerid": null,
        "winnername": null,
        "cancelled": null,
        "noentry": null
    },
    {
        "giveawayid": "175",
        "creatorid": "76561198083306080",
        "creatorname": "Ivan_Dred",
        "rankid": "5",
        "xp": "10",
        "created": "1407250986",
        "url": "http://www.steamgifts.com/giveaway/9yUad/shadowgrounds",
        "gamename": "Shadowgrounds",
        "gametype": "bundle",
        "closed": null,
        "winnerid": null,
        "winnername": null,
        "cancelled": null,
        "noentry": null
    },
    {
        "giveawayid": "174",
        "creatorid": "76561198083306080",
        "creatorname": "Ivan_Dred",
        "rankid": "5",
        "xp": "10",
        "created": "1407250904",
        "url": "http://www.steamgifts.com/giveaway/e08lM/daikatana",
        "gamename": "Daikatana",
        "gametype": "bundle",
        "closed": "2014-08-05 17:02:00",
        "winnerid": "76561198031159289",
        "winnername": "Silence Will Fall",
        "cancelled": null,
        "noentry": null
    },
    {
        "giveawayid": "173",
        "creatorid": "76561198000722022",
        "creatorname": "Mr. Mayhem",
        "rankid": "5",
        "xp": "20",
        "created": "1407249969",
        "url": "http://www.steamgifts.com/giveaway/JrHbv/retrograde",
        "gamename": "Retro/Grade",
        "gametype": "bundle",
        "closed": null,
        "winnerid": null,
        "winnername": null,
        "cancelled": null,
        "noentry": null
    },
    {
        "giveawayid": "172",
        "creatorid": "76561198000722022",
        "creatorname": "Mr. Mayhem",
        "rankid": "5",
        "xp": "20",
        "created": "1407249945",
        "url": "http://www.steamgifts.com/giveaway/sbp5e/not-the-robots",
        "gamename": "Not The Robots",
        "gametype": "bundle",
        "closed": null,
        "winnerid": null,
        "winnername": null,
        "cancelled": null,
        "noentry": null
    },
    {
        "giveawayid": "171",
        "creatorid": "76561198051369650",
        "creatorname": "MR.nyaa",
        "rankid": "5",
        "xp": "23",
        "created": "1407249943",
        "url": "http://www.steamgifts.com/giveaway/uE3ud/bioshock",
        "gamename": "Bioshock",
        "gametype": "bundle",
        "closed": "2014-08-05 16:47:54",
        "winnerid": "76561198080045733",
        "winnername": "~15·) Jano  ツ ☯",
        "cancelled": null,
        "noentry": null
    },
    {
        "giveawayid": "170",
        "creatorid": "76561198000722022",
        "creatorname": "Mr. Mayhem",
        "rankid": "5",
        "xp": "20",
        "created": "1407249886",
        "url": "http://www.steamgifts.com/giveaway/A0dRI/cosmic-dj",
        "gamename": "Cosmic DJ",
        "gametype": "bundle",
        "closed": "2014-08-05 16:47:14",
        "winnerid": "76561197962008111",
        "winnername": "KroganAlly",
        "cancelled": null,
        "noentry": null
    },
    {
        "giveawayid": "169",
        "creatorid": "76561198000722022",
        "creatorname": "Mr. Mayhem",
        "rankid": "5",
        "xp": "20",
        "created": "1407249842",
        "url": "http://www.steamgifts.com/giveaway/dUdsV/a-virus-named-tom",
        "gamename": "A Virus Named Tom",
        "gametype": "bundle",
        "closed": "2014-08-05 16:46:54",
        "winnerid": "76561198025823574",
        "winnername": "adam1224",
        "cancelled": null,
        "noentry": null
    },
    {
        "giveawayid": "168",
        "creatorid": "76561197988980619",
        "creatorname": "wait!loading...",
        "rankid": "5",
        "xp": "10",
        "created": "1407248926",
        "url": "http://www.steamgifts.com/giveaway/dHRXG/commandos-3-destination-berlin",
        "gamename": "Commandos 3: Destination Berlin",
        "gametype": "bundle",
        "closed": "2014-08-06 19:28:44",
        "winnerid": "76561197987843922",
        "winnername": "wiLLie22",
        "cancelled": null,
        "noentry": null
    },
    {
        "giveawayid": "167",
        "creatorid": "76561198051609534",
        "creatorname": "Bedda [TT]",
        "rankid": "5",
        "xp": "13",
        "created": "1407248664",
        "url": "http://www.steamgifts.com/giveaway/0Nukt/one-finger-death-punch",
        "gamename": "One Finger Death Punch",
        "gametype": "bundle",
        "closed": null,
        "winnerid": null,
        "winnername": null,
        "cancelled": null,
        "noentry": null
    },
    {
        "giveawayid": "166",
        "creatorid": "76561198051609534",
        "creatorname": "Bedda [TT]",
        "rankid": "5",
        "xp": "13",
        "created": "1407248642",
        "url": "http://www.steamgifts.com/giveaway/xMLt1/giana-sisters-twisted-dreams",
        "gamename": "Giana Sisters: Twisted Dreams",
        "gametype": "bundle",
        "closed": null,
        "winnerid": null,
        "winnername": null,
        "cancelled": null,
        "noentry": null
    },
    {
        "giveawayid": "165",
        "creatorid": "76561198051609534",
        "creatorname": "Bedda [TT]",
        "rankid": "5",
        "xp": "13",
        "created": "1407248620",
        "url": "http://www.steamgifts.com/giveaway/WQpLF/questrun",
        "gamename": "QuestRun",
        "gametype": "bundle",
        "closed": null,
        "winnerid": null,
        "winnername": null,
        "cancelled": null,
        "noentry": null
    },
    {
        "giveawayid": "164",
        "creatorid": "76561198051609534",
        "creatorname": "Bedda [TT]",
        "rankid": "5",
        "xp": "13",
        "created": "1407248571",
        "url": "http://www.steamgifts.com/giveaway/zRdcz/shufflepuck-cantina-deluxe",
        "gamename": "Shufflepuck Cantina Deluxe",
        "gametype": "bundle",
        "closed": "2014-08-05 16:23:03",
        "winnerid": null,
        "winnername": null,
        "cancelled": null,
        "noentry": "1"
    },
    {
        "giveawayid": "163",
        "creatorid": "76561198051609534",
        "creatorname": "Bedda [TT]",
        "rankid": "5",
        "xp": "13",
        "created": "1407248525",
        "url": "http://www.steamgifts.com/giveaway/Da3zM/half-minute-hero-super-mega-neo-climax-ultimate-boy",
        "gamename": "Half Minute Hero: Super Mega Neo Climax Ultimate Boy",
        "gametype": "bundle",
        "closed": "2014-08-05 16:22:14",
        "winnerid": "76561198000722022",
        "winnername": "Mr. Mayhem",
        "cancelled": null,
        "noentry": null
    },
    {
        "giveawayid": "162",
        "creatorid": "76561197962290563",
        "creatorname": "Dyna",
        "rankid": "1",
        "xp": "40",
        "created": "1407247569",
        "url": "http://www.steamgifts.com/giveaway/N3Ube/and-yet-it-moves",
        "gamename": "And Yet It Moves",
        "gametype": "bundle",
        "closed": "2014-08-06 21:08:40",
        "winnerid": "76561198109017395",
        "winnername": "MattTheDerp",
        "cancelled": null,
        "noentry": null
    },
    {
        "giveawayid": "161",
        "creatorid": "76561197962290563",
        "creatorname": "Dyna",
        "rankid": "1",
        "xp": "40",
        "created": "1407247529",
        "url": "http://www.steamgifts.com/giveaway/S1iPU/greed-corp",
        "gamename": "Greed Corp",
        "gametype": "bundle",
        "closed": "2014-08-05 16:05:38",
        "winnerid": "76561198018522550",
        "winnername": "artki",
        "cancelled": null,
        "noentry": null
    },
    {
        "giveawayid": "160",
        "creatorid": "76561197962290563",
        "creatorname": "Dyna",
        "rankid": "1",
        "xp": "40",
        "created": "1407247451",
        "url": "http://www.steamgifts.com/giveaway/klM4X/hack-slash-loot",
        "gamename": "Hack Slash Loot",
        "gametype": "bundle",
        "closed": "2014-08-05 16:05:11",
        "winnerid": "76561198083306080",
        "winnername": "Ivan_Dred",
        "cancelled": null,
        "noentry": null
    },
    {
        "giveawayid": "159",
        "creatorid": "76561197962290563",
        "creatorname": "Dyna",
        "rankid": "1",
        "xp": "40",
        "created": "1407247425",
        "url": "http://www.steamgifts.com/giveaway/WNwNQ/deponia",
        "gamename": "Deponia",
        "gametype": "bundle",
        "closed": "2014-08-05 16:04:29",
        "winnerid": "76561198023932950",
        "winnername": "ＤｅｍｏｎａｓＧｏｄｚ",
        "cancelled": null,
        "noentry": null
    },
    {
        "giveawayid": "158",
        "creatorid": "76561198098554457",
        "creatorname": "manziu",
        "rankid": "5",
        "xp": "10",
        "created": "1407247041",
        "url": "http://www.steamgifts.com/giveaway/P3yB6/rock-of-ages",
        "gamename": "Rock of Ages",
        "gametype": "bundle",
        "closed": null,
        "winnerid": null,
        "winnername": null,
        "cancelled": null,
        "noentry": null
    },
    {
        "giveawayid": "157",
        "creatorid": "76561198098554457",
        "creatorname": "manziu",
        "rankid": "5",
        "xp": "10",
        "created": "1407246492",
        "url": "http://www.steamgifts.com/giveaway/nJrjW/deus-ex-the-fall",
        "gamename": "Deus Ex: The Fall",
        "gametype": "bundle",
        "closed": null,
        "winnerid": null,
        "winnername": null,
        "cancelled": null,
        "noentry": null
    },
    {
        "giveawayid": "156",
        "creatorid": "76561198043198608",
        "creatorname": "Inle",
        "rankid": "5",
        "xp": "33",
        "created": "1407246313",
        "url": "http://www.steamgifts.com/giveaway/FS3gf/beatbuddy-tale-of-the-guardians",
        "gamename": "Beatbuddy: Tale of the Guardians",
        "gametype": "bundle",
        "closed": "2014-08-05 15:45:25",
        "winnerid": "76561197962097802",
        "winnername": "wffl",
        "cancelled": null,
        "noentry": null
    },
    {
        "giveawayid": "155",
        "creatorid": "76561198043198608",
        "creatorname": "Inle",
        "rankid": "5",
        "xp": "33",
        "created": "1407246274",
        "url": "http://www.steamgifts.com/giveaway/e3Kbt/tiny-and-big-grandpas-leftovers",
        "gamename": "Tiny and Big: Grandpa's Leftovers",
        "gametype": "bundle",
        "closed": "2014-08-05 15:44:46",
        "winnerid": null,
        "winnername": null,
        "cancelled": null,
        "noentry": "1"
    },
    {
        "giveawayid": "154",
        "creatorid": "76561198098554457",
        "creatorname": "manziu",
        "rankid": "5",
        "xp": "10",
        "created": "1407246266",
        "url": "http://www.steamgifts.com/giveaway/zXiXN/blockland",
        "gamename": "Blockland",
        "gametype": "bundle",
        "closed": "2014-08-05 15:47:18",
        "winnerid": "76561198080045733",
        "winnername": "~15·) Jano  ツ ☯",
        "cancelled": null,
        "noentry": null
    },
    {
        "giveawayid": "153",
        "creatorid": "76561197993840952",
        "creatorname": "Jonathan Yeah?",
        "rankid": "5",
        "xp": "10",
        "created": "1407246252",
        "url": "http://www.steamgifts.com/giveaway/90z9x/data-hacker-initiation",
        "gamename": "Data Hacker: Initiation",
        "gametype": "bundle",
        "closed": "2014-08-05 15:45:06",
        "winnerid": "76561197962097802",
        "winnername": "wffl",
        "cancelled": null,
        "noentry": null
    },
    {
        "giveawayid": "152",
        "creatorid": "76561198043198608",
        "creatorname": "Inle",
        "rankid": "5",
        "xp": "33",
        "created": "1407246251",
        "url": "http://www.steamgifts.com/giveaway/JrYnN/storm-in-a-teacup",
        "gamename": "Storm in a Teacup",
        "gametype": "bundle",
        "closed": null,
        "winnerid": null,
        "winnername": null,
        "cancelled": null,
        "noentry": null
    },
    {
        "giveawayid": "151",
        "creatorid": "76561198043198608",
        "creatorname": "Inle",
        "rankid": "5",
        "xp": "33",
        "created": "1407246232",
        "url": "http://www.steamgifts.com/giveaway/dLdOt/ibomber-bundle",
        "gamename": "iBomber Bundle",
        "gametype": "bundle",
        "closed": null,
        "winnerid": null,
        "winnername": null,
        "cancelled": null,
        "noentry": null
    },
    {
        "giveawayid": "150",
        "creatorid": "76561198043198608",
        "creatorname": "Inle",
        "rankid": "5",
        "xp": "33",
        "created": "1407246129",
        "url": "http://www.steamgifts.com/giveaway/eyNT1/galaxy-on-fire-2-full-hd",
        "gamename": "Galaxy on Fire 2 Full HD",
        "gametype": "bundle",
        "closed": "2014-08-05 15:43:17",
        "winnerid": "76561198031159289",
        "winnername": "Silence Will Fall",
        "cancelled": null,
        "noentry": null
    },
    {
        "giveawayid": "149",
        "creatorid": "76561197993840952",
        "creatorname": "Jonathan Yeah?",
        "rankid": "5",
        "xp": "10",
        "created": "1407246109",
        "url": "http://www.steamgifts.com/giveaway/qlFrc/8-bit-commando",
        "gamename": "8-Bit Commando",
        "gametype": "bundle",
        "closed": null,
        "winnerid": null,
        "winnername": null,
        "cancelled": null,
        "noentry": null
    },
    {
        "giveawayid": "148",
        "creatorid": "76561198043198608",
        "creatorname": "Inle",
        "rankid": "5",
        "xp": "33",
        "created": "1407246072",
        "url": "http://www.steamgifts.com/giveaway/ZvyXL/universe-sandbox",
        "gamename": "Universe Sandbox",
        "gametype": "bundle",
        "closed": "2014-08-05 15:41:29",
        "winnerid": "76561198051609534",
        "winnername": "Bedda [TT]",
        "cancelled": null,
        "noentry": null
    }
]