[
    {
        "padstroke": "246",
        "patientname": "76561197962097802",
        "datereceived": "wffl",
        "lastupdated": "5",
        "updatedby": "20",
        "assignedtopt": "1407416336",
        "status": "Pending"
    },
    {
        "padstroke": "245",
        "patientname": "76561198031159289",
        "datereceived": "Silence Will Fall",
        "lastupdated": "5",
        "updatedby": "10",
        "assignedtopt": "1407380458",
        "status": "Pending"
    },
    {
        "padstroke": "244",
        "patientname": "76561198031159289",
        "datereceived": "Silence Will Fall",
        "lastupdated": "5",
        "updatedby": "10",
        "assignedtopt": "1407380435",
        "status": "Pending"
    },
    {
        "padstroke": "243",
        "patientname": "76561198056290009",
        "datereceived": "Thordred",
        "lastupdated": "5",
        "updatedby": "50",
        "assignedtopt": "1407377617",
        "status": "Pending"
    },
    {
        "padstroke": "242",
        "patientname": "76561198056290009",
        "datereceived": "Thordred",
        "lastupdated": "5",
        "updatedby": "50",
        "assignedtopt": "1407377596",
        "status": "Pending"
    },
    {
        "padstroke": "241",
        "patientname": "76561198056290009",
        "datereceived": "Thordred",
        "lastupdated": "5",
        "updatedby": "50",
        "assignedtopt": "1407377568",
        "status": "Pending"
    },
    {
        "padstroke": "240",
        "patientname": "76561198056290009",
        "datereceived": "Thordred",
        "lastupdated": "5",
        "updatedby": "50",
        "assignedtopt": "1407377545",
        "status": "Pending"
    },
    {
        "padstroke": "239",
        "patientname": "76561198056290009",
        "datereceived": "Thordred",
        "lastupdated": "5",
        "updatedby": "50",
        "assignedtopt": "1407377189",
        "status": "Pending"
    },
    {
        "padstroke": "238",
        "patientname": "76561198056290009",
        "datereceived": "Thordred",
        "lastupdated": "5",
        "updatedby": "50",
        "assignedtopt": "1407377164",
        "status": "Pending"
    },
    {
        "padstroke": "237",
        "patientname": "76561198056290009",
        "datereceived": "Thordred",
        "lastupdated": "5",
        "updatedby": "50",
        "assignedtopt": "1407377137",
        "status": "Pending"
    },
    {
        "padstroke": "236",
        "patientname": "76561198056290009",
        "datereceived": "Thordred",
        "lastupdated": "5",
        "updatedby": "50",
        "assignedtopt": "1407377091",
        "status": "Pending"
    },
    {
        "padstroke": "235",
        "patientname": "76561198056290009",
        "datereceived": "Thordred",
        "lastupdated": "5",
        "updatedby": "50",
        "assignedtopt": "1407377062",
        "status": "Pending"
    },
    {
        "padstroke": "234",
        "patientname": "76561198018522550",
        "datereceived": "artki",
        "lastupdated": "5",
        "updatedby": "3",
        "assignedtopt": "1407356943",
        "status": "Pending"
    },
    {
        "padstroke": "233",
        "patientname": "76561198064912937",
        "datereceived": "Cycria",
        "lastupdated": "5",
        "updatedby": "0",
        "assignedtopt": "1407352128",
        "status": "Pending"
    },
    {
        "padstroke": "232",
        "patientname": "76561198025087856",
        "datereceived": "Klompenbaas",
        "lastupdated": "5",
        "updatedby": "10",
        "assignedtopt": "1407351668",
        "status": "Pending"
    },
    {
        "padstroke": "231",
        "patientname": "76561197962097802",
        "datereceived": "wffl",
        "lastupdated": "5",
        "updatedby": "20",
        "assignedtopt": "1407349282",
        "status": "Pending"
    },
    {
        "padstroke": "230",
        "patientname": "76561198025087856",
        "datereceived": "Klompenbaas",
        "lastupdated": "5",
        "updatedby": "10",
        "assignedtopt": "1407347952",
        "status": "Pending"
    },
    {
        "padstroke": "229",
        "patientname": "76561198053285228",
        "datereceived": "boskiapollo",
        "lastupdated": "5",
        "updatedby": "20",
        "assignedtopt": "1407343447",
        "status": "Pending"
    },
    {
        "padstroke": "228",
        "patientname": "76561198053285228",
        "datereceived": "boskiapollo",
        "lastupdated": "5",
        "updatedby": "20",
        "assignedtopt": "1407343197",
        "status": "Pending"
    },
    {
        "padstroke": "227",
        "patientname": "76561198053285228",
        "datereceived": "boskiapollo",
        "lastupdated": "5",
        "updatedby": "20",
        "assignedtopt": "1407343181",
        "status": "Pending"
    },
    {
        "padstroke": "226",
        "patientname": "76561197987843922",
        "datereceived": "wiLLie22",
        "lastupdated": "5",
        "updatedby": "10",
        "assignedtopt": "1407333260",
        "status": "Pending"
    },
    {
        "padstroke": "225",
        "patientname": "76561197987843922",
        "datereceived": "wiLLie22",
        "lastupdated": "5",
        "updatedby": "10",
        "assignedtopt": "1407333131",
        "status": "Pending"
    },
    {
        "padstroke": "224",
        "patientname": "76561197979785226",
        "datereceived": "Zorskan",
        "lastupdated": "5",
        "updatedby": "30",
        "assignedtopt": "1407329024",
        "status": "Pending"
    },
    {
        "padstroke": "223",
        "patientname": "76561197979785226",
        "datereceived": "Zorskan",
        "lastupdated": "5",
        "updatedby": "30",
        "assignedtopt": "1407328992",
        "status": "Pending"
    },
    {
        "padstroke": "222",
        "patientname": "76561197979785226",
        "datereceived": "Zorskan",
        "lastupdated": "5",
        "updatedby": "30",
        "assignedtopt": "1407328868",
        "status": "Pending"
    },
    {
        "padstroke": "221",
        "patientname": "76561198051369650",
        "datereceived": "MR.nyaa",
        "lastupdated": "5",
        "updatedby": "23",
        "assignedtopt": "1407320922",
        "status": "Pending"
    },
    {
        "padstroke": "220",
        "patientname": "76561198078783468",
        "datereceived": "LIVER71",
        "lastupdated": "5",
        "updatedby": "10",
        "assignedtopt": "1407317706",
        "status": "Pending"
    },
    {
        "padstroke": "219",
        "patientname": "76561198083306080",
        "datereceived": "Ivan_Dred",
        "lastupdated": "5",
        "updatedby": "10",
        "assignedtopt": "1407314616",
        "status": "Pending"
    },
    {
        "padstroke": "218",
        "patientname": "76561198078783468",
        "datereceived": "LIVER71",
        "lastupdated": "5",
        "updatedby": "10",
        "assignedtopt": "1407314302",
        "status": "Pending"
    },
    {
        "padstroke": "217",
        "patientname": "76561198067891330",
        "datereceived": "Samurai Vader",
        "lastupdated": "5",
        "updatedby": "20",
        "assignedtopt": "1407312647",
        "status": "Pending"
    },
    {
        "padstroke": "216",
        "patientname": "76561198067891330",
        "datereceived": "Samurai Vader",
        "lastupdated": "5",
        "updatedby": "20",
        "assignedtopt": "1407312627",
        "status": "Pending"
    },
    {
        "padstroke": "215",
        "patientname": "76561198109017395",
        "datereceived": "MattTheDerp",
        "lastupdated": "5",
        "updatedby": "30",
        "assignedtopt": "1407271459",
        "status": "Pending"
    },
    {
        "padstroke": "214",
        "patientname": "76561198109017395",
        "datereceived": "MattTheDerp",
        "lastupdated": "5",
        "updatedby": "30",
        "assignedtopt": "1407271396",
        "status": "Pending"
    },
    {
        "padstroke": "213",
        "patientname": "76561198109017395",
        "datereceived": "MattTheDerp",
        "lastupdated": "5",
        "updatedby": "30",
        "assignedtopt": "1407271352",
        "status": "Pending"
    },
    {
        "padstroke": "212",
        "patientname": "76561197992150587",
        "datereceived": "HannesH",
        "lastupdated": "5",
        "updatedby": "40",
        "assignedtopt": "1407269896",
        "status": "Pending"
    },
    {
        "padstroke": "211",
        "patientname": "76561197992150587",
        "datereceived": "HannesH",
        "lastupdated": "5",
        "updatedby": "40",
        "assignedtopt": "1407269815",
        "status": "Pending"
    },
    {
        "padstroke": "210",
        "patientname": "76561197992150587",
        "datereceived": "HannesH",
        "lastupdated": "5",
        "updatedby": "40",
        "assignedtopt": "1407269776",
        "status": "Pending"
    },
    {
        "padstroke": "209",
        "patientname": "76561197992150587",
        "datereceived": "HannesH",
        "lastupdated": "5",
        "updatedby": "40",
        "assignedtopt": "1407269737",
        "status": "Pending"
    },
    {
        "padstroke": "208",
        "patientname": "76561197992150587",
        "datereceived": "HannesH",
        "lastupdated": "5",
        "updatedby": "40",
        "assignedtopt": "1407269665",
        "status": "Pending"
    },
    {
        "padstroke": "207",
        "patientname": "76561197972636851",
        "datereceived": "Woz",
        "lastupdated": "5",
        "updatedby": "30",
        "assignedtopt": "1407268146",
        "status": "Pending"
    },
    {
        "padstroke": "206",
        "patientname": "76561197972636851",
        "datereceived": "Woz",
        "lastupdated": "5",
        "updatedby": "30",
        "assignedtopt": "1407267907",
        "status": "Pending"
    },
    {
        "padstroke": "205",
        "patientname": "76561197972636851",
        "datereceived": "Woz",
        "lastupdated": "5",
        "updatedby": "30",
        "assignedtopt": "1407267169",
        "status": "Pending"
    },
    {
        "padstroke": "204",
        "patientname": "76561197972636851",
        "datereceived": "Woz",
        "lastupdated": "5",
        "updatedby": "30",
        "assignedtopt": "1407267137",
        "status": "Pending"
    },
    {
        "padstroke": "203",
        "patientname": "76561197972636851",
        "datereceived": "Woz",
        "lastupdated": "5",
        "updatedby": "30",
        "assignedtopt": "1407267117",
        "status": "Pending"
    },
    {
        "padstroke": "202",
        "patientname": "76561197972636851",
        "datereceived": "Woz",
        "lastupdated": "5",
        "updatedby": "30",
        "assignedtopt": "1407267092",
        "status": "Pending"
    },
    {
        "padstroke": "201",
        "patientname": "76561197981307801",
        "datereceived": "Shizune Hakamichi",
        "lastupdated": "5",
        "updatedby": "10",
        "assignedtopt": "1407265828",
        "status": "Pending"
    },
    {
        "padstroke": "200",
        "patientname": "76561197981307801",
        "datereceived": "Shizune Hakamichi",
        "lastupdated": "5",
        "updatedby": "10",
        "assignedtopt": "1407265808",
        "status": "Pending"
    },
    {
        "padstroke": "199",
        "patientname": "76561198064912937",
        "datereceived": "Cycria",
        "lastupdated": "5",
        "updatedby": "0",
        "assignedtopt": "1407264940",
        "status": "Pending"
    },
    {
        "padstroke": "198",
        "patientname": "76561198018522550",
        "datereceived": "artki",
        "lastupdated": "5",
        "updatedby": "3",
        "assignedtopt": "1407260079",
        "status": "Pending"
    },
    {
        "padstroke": "197",
        "patientname": "76561198018522550",
        "datereceived": "artki",
        "lastupdated": "5",
        "updatedby": "3",
        "assignedtopt": "1407260029",
        "status": "Pending"
    },
    {
        "padstroke": "196",
        "patientname": "76561198018522550",
        "datereceived": "artki",
        "lastupdated": "5",
        "updatedby": "3",
        "assignedtopt": "1407260000",
        "status": "Pending"
    },
    {
        "padstroke": "195",
        "patientname": "76561198018522550",
        "datereceived": "artki",
        "lastupdated": "5",
        "updatedby": "3",
        "assignedtopt": "1407259973",
        "status": "Pending"
    },
    {
        "padstroke": "194",
        "patientname": "76561198018522550",
        "datereceived": "artki",
        "lastupdated": "5",
        "updatedby": "3",
        "assignedtopt": "1407259884",
        "status": "Pending"
    },
    {
        "padstroke": "193",
        "patientname": "76561198025823574",
        "datereceived": "adam1224",
        "lastupdated": "5",
        "updatedby": "10",
        "assignedtopt": "1407256198",
        "status": "Pending"
    },
    {
        "padstroke": "192",
        "patientname": "76561197962097802",
        "datereceived": "wffl",
        "lastupdated": "5",
        "updatedby": "20",
        "assignedtopt": "1407256141",
        "status": "Pending"
    },
    {
        "padstroke": "191",
        "patientname": "76561197962097802",
        "datereceived": "wffl",
        "lastupdated": "5",
        "updatedby": "20",
        "assignedtopt": "1407255735",
        "status": "Pending"
    },
    {
        "padstroke": "190",
        "patientname": "76561198025823574",
        "datereceived": "adam1224",
        "lastupdated": "5",
        "updatedby": "10",
        "assignedtopt": "1407255728",
        "status": "Pending"
    },
    {
        "padstroke": "189",
        "patientname": "76561197962097802",
        "datereceived": "wffl",
        "lastupdated": "5",
        "updatedby": "20",
        "assignedtopt": "1407255715",
        "status": "Pending"
    },
    {
        "padstroke": "188",
        "patientname": "76561198025823574",
        "datereceived": "adam1224",
        "lastupdated": "5",
        "updatedby": "10",
        "assignedtopt": "1407255691",
        "status": "Pending"
    },
    {
        "padstroke": "187",
        "patientname": "76561197962097802",
        "datereceived": "wffl",
        "lastupdated": "5",
        "updatedby": "20",
        "assignedtopt": "1407255667",
        "status": "Pending"
    },
    {
        "padstroke": "186",
        "patientname": "76561198051369650",
        "datereceived": "MR.nyaa",
        "lastupdated": "5",
        "updatedby": "23",
        "assignedtopt": "1407254952",
        "status": "Pending"
    },
    {
        "padstroke": "185",
        "patientname": "76561198051369650",
        "datereceived": "MR.nyaa",
        "lastupdated": "5",
        "updatedby": "23",
        "assignedtopt": "1407254117",
        "status": "Pending"
    },
    {
        "padstroke": "184",
        "patientname": "76561197962008111",
        "datereceived": "KroganAlly",
        "lastupdated": "5",
        "updatedby": "10",
        "assignedtopt": "1407253933",
        "status": "Pending"
    },
    {
        "padstroke": "183",
        "patientname": "76561197962008111",
        "datereceived": "KroganAlly",
        "lastupdated": "5",
        "updatedby": "10",
        "assignedtopt": "1407253892",
        "status": "Pending"
    },
    {
        "padstroke": "182",
        "patientname": "76561197962290563",
        "datereceived": "Dyna",
        "lastupdated": "1",
        "updatedby": "40",
        "assignedtopt": "1407253098",
        "status": "Pending"
    },
    {
        "padstroke": "181",
        "patientname": "76561197995024621",
        "datereceived": "Kurt99",
        "lastupdated": "5",
        "updatedby": "20",
        "assignedtopt": "1407252433",
        "status": "Pending"
    },
    {
        "padstroke": "180",
        "patientname": "76561197995024621",
        "datereceived": "Kurt99",
        "lastupdated": "5",
        "updatedby": "20",
        "assignedtopt": "1407252403",
        "status": "Pending"
    },
    {
        "padstroke": "179",
        "patientname": "76561198045737785",
        "datereceived": "DakotaThrice",
        "lastupdated": "5",
        "updatedby": "0",
        "assignedtopt": "1407251791",
        "status": "Pending"
    },
    {
        "padstroke": "178",
        "patientname": "76561198045737785",
        "datereceived": "DakotaThrice",
        "lastupdated": "5",
        "updatedby": "0",
        "assignedtopt": "1407251215",
        "status": "Pending"
    },
    {
        "padstroke": "177",
        "patientname": "76561198045737785",
        "datereceived": "DakotaThrice",
        "lastupdated": "5",
        "updatedby": "0",
        "assignedtopt": "1407251189",
        "status": "Pending"
    }
]